Adresse,Format,RD/WR,Einheit,Bemerkung,EinstellbeIrnedicehx,Voreinstellung
800,FLOAT,RD,Hz,Measured frequency,,
802,FLOAT,RD,-,"Voltage, zero sequence",,
804,FLOAT,RD,-,"Voltage, negative sequence",,
806,FLOAT,RD,-,"Voltage, positive sequence",,
808,FLOAT,RD,V,Voltage U1 L1-N,[0],
810,FLOAT,RD,V,Voltage U2 L2-N,[1],
812,FLOAT,RD,V,Voltage U3 L3-N,[2],
814,FLOAT,RD,V,Voltage U1 L1-L2,[0],
816,FLOAT,RD,V,Voltage U2 L2-L3,[1],
818,FLOAT,RD,V,Voltage U3 L3-L1,[2],
820,FLOAT,RD,-,"Fund. power factor, CosPhi; ULN, IL1",[0],
822,FLOAT,RD,-,"Fund. power factor, CosPhi; ULN, IL2",[1],
824,FLOAT,RD,-,"Fund. power factor, CosPhi; ULN, IL3",[2],
826,FLOAT,RD,-,Sum; CosPhisum3=P0sum3/Ssum3,[3],
828,FLOAT,RD,-,"Power factor; UL1N, IL1",[0],
830,FLOAT,RD,-,"Power factor; UL2N, IL2",[1],
832,FLOAT,RD,-,"Power factor; UL3N, IL3",[2],
834,FLOAT,RD,-,Sum; Power factor sum3=Psum3/Ssum3,[3],
836,FLOAT,RD,%,"THD, U L1N, bezogen auf U0 L1",[0],
838,FLOAT,RD,%,"THD, U L2N, bezogen auf U0 L2",[1],
840,FLOAT,RD,%,"THD, U L3N, bezogen auf U0 L3",[2],
842,FLOAT,RD,%,"THD, U L1L2, bezogen auf U0 L1L2",[0],
844,FLOAT,RD,%,"THD, U L2L3, bezogen auf U0 L2L3",[1],
846,FLOAT,RD,%,"THD, U L3L1, bezogen auf U0 L3L1",[2],
848,FLOAT,RD,V,"Voltage, real part U1 L1N",[0],
850,FLOAT,RD,V,"Voltage, real part U2 L2N",[1],
852,FLOAT,RD,V,"Voltage, real part U3 L3N",[2],
854,FLOAT,RD,V,"Voltage, imaginary part U L1N",[0],
856,FLOAT,RD,V,"Voltage, imaginary part U L2N",[1],
858,FLOAT,RD,V,"Voltage, imaginary part U L3N",[2],
860,FLOAT,RD,A,Current I1 L1,[0],
862,FLOAT,RD,A,Current I2 L2,[1],
864,FLOAT,RD,A,Current I3 L3,[2],
866,FLOAT,RD,A,Vector sum; IN=I1+I2+I3,[3],
868,FLOAT,RD,W,Real power P1 L1N,[0],
870,FLOAT,RD,W,Real power P2 L2N,[1],
872,FLOAT,RD,W,Real power P3 L3N,[2],
874,FLOAT,RD,W,Sum; Psum3=P1+P2+P3,[3],
876,FLOAT,RD,var,Fund. reactive power Q1 L1N,[0],
878,FLOAT,RD,var,Fund. reactive power Q2 L2N,[1],
880,FLOAT,RD,var,Fund. reactive power Q3 L3N,[2],
882,FLOAT,RD,var,Sum; Qsum3=Q1+Q2+Q3,[3],
884,FLOAT,RD,VA,Apparent power S1 L1N,[0],
886,FLOAT,RD,VA,Apparent power S2 L2N,[1],
888,FLOAT,RD,VA,Apparent power S3 L3N,[2],
890,FLOAT,RD,VA,Sum; Ssum3=S1+S2+S3,[3],
892,FLOAT,RD,W,Fund. real power P01 L1N,[0],
894,FLOAT,RD,W,Fund. real power P02 L2N,[1],
896,FLOAT,RD,W,Fund. real power P03 L3N,[2],
898,FLOAT,RD,W,Sum; P0sum3=P01+P02+P03,[3],
900,FLOAT,RD,var,Harmonic distortion power D1 L1N,[0],
902,FLOAT,RD,var,Harmonic distortion power D2 L2N,[1],
904,FLOAT,RD,var,Harmonic distortion power D3 L3N,[2],
906,FLOAT,RD,var,Sum; Dsum3=D1+D2+D3,[3],
908,FLOAT,RD,%,"THDI1 I1, bezogen auf I01",[0],
910,FLOAT,RD,%,"THDI2 I2, bezogen auf I02",[1],
912,FLOAT,RD,%,"THDI3 I3, bezogen auf I03",[2],
914,FLOAT,RD,%,"TDDI1 I1, bezogen auf den Nenn-Laststrom",[0],
916,FLOAT,RD,%,"TDDI2 I2, bezogen auf den Nenn-Laststrom",[1],
918,FLOAT,RD,%,"TDDI3 I3, bezogen auf den Nenn-Laststrom",[2],
920,FLOAT,RD,-,"Current, zero sequence",,
922,FLOAT,RD,-,"Current, negative sequence",,
924,FLOAT,RD,-,"Current, positive sequence",,
926,FLOAT,RD,A,"Current, real part I L1",[0],
928,FLOAT,RD,A,"Current, real part I L2",[1],
930,FLOAT,RD,A,"Current, real part I L3",[2],
932,FLOAT,RD,A,"Current, imaginary part I L",[0],
934,FLOAT,RD,A,"Current, imaginary part I L",[1],
936,FLOAT,RD,A,"Current, imaginary part I L",[2],
938,FLOAT,RD,-,"Rotation field; 1=right, 0=none, -1=left",,
1720,FLOAT,RD,Hz,"Average, measured frequency",,
1722,FLOAT,RD,-,"Average, Voltage, zero sequence",,
1724,FLOAT,RD,-,"Average, Voltage, negative sequence",,
1726,FLOAT,RD,-,"Average, Voltage, positive sequence",,
1728,FLOAT,RD,V,"Average, Voltage LN",[0],
1730,FLOAT,RD,V,"Average, Voltage LN",[1],
1732,FLOAT,RD,V,"Average, Voltage LN",[2],
1734,FLOAT,RD,V,"Average, Voltage LL",[0],
1736,FLOAT,RD,V,"Average, Voltage LL",[1],
1738,FLOAT,RD,V,"Average, Voltage LL",[2],
2220,FLOAT,RD,-,"Average, Fund. power factor, CosPhi; ULN IL",[0],
2222,FLOAT,RD,-,"Average, Fund. power factor, CosPhi; ULN IL",[1],
2224,FLOAT,RD,-,"Average, Fund. power factor, CosPhi; ULN IL",[2],
2226,FLOAT,RD,-,"Average, Sum; CosPhisum3=P0sum3/Ssum3",[3],
2228,FLOAT,RD,-,"Average, Power factor; ULN IL",[0],
2230,FLOAT,RD,-,"Average, Power factor; ULN IL",[1],
2232,FLOAT,RD,-,"Average, Power factor; ULN IL",[2],
2234,FLOAT,RD,-,"Average, Sum; Power factor sum3=Psum3/Ssum3",[3],
2236,FLOAT,RD,V,"Average, THD, U LN",[0],
2238,FLOAT,RD,V,"Average, THD, U LN",[1],
2240,FLOAT,RD,V,"Average, THD, U LN",[2],
2242,FLOAT,RD,V,"Average, THD, U LL",[0],
2244,FLOAT,RD,V,"Average, THD, U LL",[1],
2246,FLOAT,RD,V,"Average, THD, U LL",[2],
2248,FLOAT,RD,V,"Average, Voltage, real part U LN",[0],
2250,FLOAT,RD,V,"Average, Voltage, real part U LN",[1],
2252,FLOAT,RD,V,"Average, Voltage, real part U LN",[2],
2254,FLOAT,RD,V,"Average, Voltage, imaginary part U LN",[0],
2256,FLOAT,RD,V,"Average, Voltage, imaginary part U LN",[1],
2258,FLOAT,RD,V,"Average, Voltage, imaginary part U LN",[2],
2500,FLOAT,RD,A,"Average, Current IL",[0],
2502,FLOAT,RD,A,"Average, Current IL",[1],
2504,FLOAT,RD,A,"Average, Current IL",[2],
2506,FLOAT,RD,A,"Average, Vector sum; IN=I1+I2+I3",[3],
2508,FLOAT,RD,W,"Average, Real power P LN",[0],
2510,FLOAT,RD,W,"Average, Real power PLN",[1],
2512,FLOAT,RD,W,"Average, Real power P LN",[2],
2514,FLOAT,RD,W,"Average, Sum; Psum3=P1+P2+P3",[3],
2516,FLOAT,RD,var,"Average, Fund. reactive power Q LN",[0],
2518,FLOAT,RD,var,"Average, Fund. reactive power Q LN",[1],
2520,FLOAT,RD,var,"Average, Fund. reactive power Q LN",[2],
2522,FLOAT,RD,var,"Average, Sum; Qsum3=Q1+Q2+Q3",[3],
2524,FLOAT,RD,VA,"Average, Apparent power S LN",[0],
2526,FLOAT,RD,VA,"Average, Apparent power S LN",[1],
2528,FLOAT,RD,VA,"Average, Apparent power S LN",[2],
2530,FLOAT,RD,VA,"Average, Sum; Ssum3=S1+S2+S3",[3],
2532,FLOAT,RD,W,"Average, Fund. real power P0 LN",[0],
2534,FLOAT,RD,W,"Average, Fund. real power P0 LN",[1],
2536,FLOAT,RD,W,"Average, Fund. real power P0 LN",[2],
2538,FLOAT,RD,W,"Average, Sum; CosPhisum3=P0sum3/Ssum3",[3],
2540,FLOAT,RD,var,"Average, Harmonic distortion power D LN",[0],
2542,FLOAT,RD,var,"Average, Harmonic distortion power D LN",[1],
2544,FLOAT,RD,var,"Average, Harmonic distortion power D LN",[2],
2546,FLOAT,RD,var,"Average, Sum; Dsum3=D1+D2+D3",[3],
2548,FLOAT,RD,%,"Average, THD I",[0],
2550,FLOAT,RD,%,"Average, THD I",[1],
2552,FLOAT,RD,%,"Average, THD I",[2],
2554,FLOAT,RD,%,"Average, TDD I",[0],
2556,FLOAT,RD,%,"Average, TDD I",[1],
2558,FLOAT,RD,%,"Average, TDD I",[2],
2560,FLOAT,RD,-,"Average, Current, zero sequence",,
2562,FLOAT,RD,-,"Average, Current, negative sequence",,
2564,FLOAT,RD,-,"Average, Current, positive sequence",,
2566,FLOAT,RD,A,"Average, Current, real part I L",[0],
2568,FLOAT,RD,A,"Average, Current, real part I L",[1],
2570,FLOAT,RD,A,"Average, Current, real part I L",[2],
2572,FLOAT,RD,A,"Average, Current, imaginary part IL",[0],
2574,FLOAT,RD,A,"Average, Current, imaginary part IL",[1],
2576,FLOAT,RD,A,"Average, Current, imaginary part IL",[2],
3436,FLOAT,RD/WR,Hz,"Minimum, measured frequency",,
3438,FLOAT,RD/WR,-,"Minimum, Voltage, zero sequence",,
3440,FLOAT,RD/WR,-,"Minimum, Voltage, negative sequence",,
3442,FLOAT,RD/WR,-,"Minimum, Voltage, positive sequence",,
3444,FLOAT,RD/WR,V,"Minimum, Voltage L-N",[0],
3446,FLOAT,RD/WR,V,"Minimum, Voltage L-N",[1],
3448,FLOAT,RD/WR,V,"Minimum, Voltage L-N",[2],
3450,FLOAT,RD/WR,V,"Minimum, Voltage L-L",[0],
3452,FLOAT,RD/WR,V,"Minimum, Voltage L-L",[1],
3454,FLOAT,RD/WR,V,"Minimum, Voltage L-L",[2],
3456,FLOAT,RD/WR,-,"Minimum, Fund. power factor, CosPhi; ULN IL",[0],
3458,FLOAT,RD/WR,-,"Minimum, Fund. power factor, CosPhi; ULN IL",[1],
3460,FLOAT,RD/WR,-,"Minimum, Fund. power factor, CosPhi; ULN IL",[2],
3462,FLOAT,RD/WR,-,"Minimum, Sum; CosPhisum3=P0sum3/Ssum3",[3],
3464,FLOAT,RD/WR,-,"Minimum, Power factor; ULN I L",[0],
3466,FLOAT,RD/WR,-,"Minimum, Power factor; ULN I L",[1],
3468,FLOAT,RD/WR,-,"Minimum, Power factor; ULN I L",[2],
3470,FLOAT,RD/WR,-,"Minimum, Sum; Power factor sum3=Psum3/Ssum3",[3],
3472,FLOAT,RD/WR,%,"Minimum, THD U LN",[0],
3474,FLOAT,RD/WR,%,"Minimum, THD U LN",[1],
3476,FLOAT,RD/WR,%,"Minimum, THD U LN",[2],
3478,FLOAT,RD/WR,%,"Minimum, THD U LL",[0],
3480,FLOAT,RD/WR,%,"Minimum, THD U LL",[1],
3482,FLOAT,RD/WR,%,"Minimum, THD U LL",[2],
3484,FLOAT,RD/WR,V,"Minimum, Voltage, real part U LN",[0],
3486,FLOAT,RD/WR,V,"Minimum, Voltage, real part U LN",[1],
3488,FLOAT,RD/WR,V,"Minimum, Voltage, real part U LN",[2],
3490,FLOAT,RD/WR ,V ,"Minimum, Voltage, imaginary part U LN ","[0]
[1]",
3492,FLOAT,RD/WR,V,"Minimum, Voltage, imaginary part U LN",,
3494,FLOAT,RD/WR,V,"Minimum, Voltage, imaginary part U LN",[2],
2578,FLOAT,RD/WR,Hz,"Maximum, measured frequency",,
2580,FLOAT,RD/WR,-,"Maximum, Voltage, zero sequence",,
2582,FLOAT,RD/WR,-,"Maximum, Voltage, negative sequence",,
2584,FLOAT,RD/WR,-,"Maximum, Voltage, positive sequence",,
2586,FLOAT,RD/WR,V,"Maximum, Voltage L-N",[0],
2588,FLOAT,RD/WR,V,"Maximum, Voltage L-N",[1],
2590,FLOAT,RD/WR,V,"Maximum, Voltage L-N",[2],
2592,FLOAT,RD/WR,V,"Maximum, Voltage L-L",[0],
2594,FLOAT,RD/WR,V,"Maximum, Voltage L-L",[1],
2596,FLOAT,RD/WR,V,"Maximum, Voltage L-L",[2],
3078,FLOAT,RD/WR,-,"Maximum, Fund. power factor, CosPhi; ULN IL",[0],
3080,FLOAT,RD/WR,-,"Maximum, Fund. power factor, CosPhi; ULN IL",[1],
3082,FLOAT,RD/WR,-,"Maximum, Fund. power factor, CosPhi; ULN IL",[2],
3084,FLOAT,RD/WR,-,"Maximum, Sum; CosPhisum3=P0sum3/Ssum3",[3],
3086,FLOAT,RD/WR,-,"Maximum, Power factor; ULN IL",[0],
3088,FLOAT,RD/WR,-,"Maximum, Power factor; ULN IL",[1],
3090,FLOAT,RD/WR,-,"Maximum, Power factor; ULN IL",[2],
3092,FLOAT,RD/WR,-,"Maximum, Sum; Power factor sum3=Psum3/Ssum",[3],
3094,FLOAT,RD/WR,%,"Maximum, THD, U LN",[0],
3096,FLOAT,RD/WR,%,"Maximum, THD, U LN",[1],
3098,FLOAT,RD/WR,%,"Maximum, THD, U LN",[2],
3100,FLOAT,RD/WR,%,"Maximum, THD, U LL",[0],
3102,FLOAT,RD/WR,%,"Maximum, THD, U LL",[1],
3104,FLOAT,RD/WR,%,"Maximum, THD, U LL",[2],
3106,FLOAT,RD/WR,V,"Maximum, Voltage, real part U LN",[0],
3108,FLOAT,RD/WR,V,"Maximum, Voltage, real part U LN",[1],
3110,FLOAT,RD/WR,V,"Maximum, Voltage, real part U LN",[2],
3112,FLOAT,RD/WR,V,"Maximum, Voltage, imaginary part U LN",[0],
3114,FLOAT,RD/WR,V,"Maximum, Voltage, imaginary part U LN",[1],
3116,FLOAT,RD/WR,V,"Maximum, Voltage, imaginary part U LN",[2],
3358,FLOAT,RD/WR,A,"Maximum, Current I L",[0],
3360,FLOAT,RD/WR,A,"Maximum, Current I L",[1],
3362,FLOAT,RD/WR,A,"Maximum, Current I L",[2],
3364,FLOAT,RD/WR,A,"Maximum, Vector sum; IN=I1+I2+I3",[3],
3366,FLOAT,RD/WR,W,"Maximum, Real power P LN",[0],
3368,FLOAT,RD/WR,W,"Maximum, Real power P LN",[1],
3370,FLOAT,RD/WR,W,"Maximum, Real power P LN",[2],
3372,FLOAT,RD/WR,W,"Maximum, Sum; Psum3=P1+P2+P3",[3],
3374,FLOAT,RD/WR,var,"Maximum, Fund. reactive power Q LN",[0],
3376,FLOAT,RD/WR,var,"Maximum, Fund. reactive power Q LN",[1],
3378,FLOAT,RD/WR,var,"Maximum, Fund. reactive power Q LN",[2],
3380,FLOAT,RD/WR,var,"Maximum, Sum; Qsum3=Q1+Q2+Q3",[3],
3382,FLOAT,RD/WR,VA,"Maximum, Average, Apparent power S LN",[0],
3384,FLOAT,RD/WR,VA,"Maximum, Average, Apparent power S LN",[1],
3386,FLOAT,RD/WR,VA,"Maximum, Average, Apparent power S LN",[2],
3388,FLOAT,RD/WR,VA,"Maximum, Average, Sum; Ssum3=S1+S2+S3",[3],
3390,FLOAT,RD/WR,W,"Maximum, Fund. real power P0 LN",[0],
3392,FLOAT,RD/WR,W,"Maximum, Fund. real power P0 LN",[1],
3394,FLOAT,RD/WR,W,"Maximum, Fund. real power P0 LN",[2],
3396,FLOAT,RD/WR,W,"Maximum, Sum; P0sum3=P01+P02+P03",[3],
3398,FLOAT,RD/WR,var,"Maximum, Harmonic distortion power D LN",[0],
3400,FLOAT,RD/WR,var,"Maximum, Harmonic distortion power D LN",[1],
3402,FLOAT,RD/WR,var,"Maximum, Harmonic distortion power D LN",[2],
3404,FLOAT,RD/WR,var,"Maximum, Sum; Dsum3=D1+D2+D3",[3],
3406,FLOAT,RD/WR,A,"Maximum, THD I",[0],
3408,FLOAT,RD/WR,A,"Maximum, THD I",[1],
3410,FLOAT,RD/WR,A,"Maximum, THD I",[2],
3412,FLOAT,RD/WR,A,"Maximum, TDD I",[0],
3414,FLOAT,RD/WR,A,"Maximum, TDD I",[1],
3416,FLOAT,RD/WR,A,"Maximum, TDD I",[2],
3418,FLOAT,RD/WR,-,"Maximum, Current, zero sequence",,
3420,FLOAT,RD/WR,-,"Maximum, Current, negative sequence",,
3422,FLOAT,RD/WR,-,"Maximum, positive sequence",,
3424,FLOAT,RD/WR,A,"Maximum, real part I L",[0],
3426,FLOAT,RD/WR,A,"Maximum, real part I L",[1],
3428,FLOAT,RD/WR,A,"Maximum, real part I L",[2],
3430,FLOAT,RD/WR,A,"Maximum, imaginary part I L",[0],
3432,FLOAT,RD/WR,A,"Maximum, imaginary part I L",[1],
3434,FLOAT,RD/WR,A,"Maximum, imaginary part I L",[2],
19054,FLOAT,RD,Wh,Real energy L1,[0],
19056,FLOAT,RD,Wh,Real energy L2,[0],
19058,FLOAT,RD,Wh,Real energy L3,[0],
19060,FLOAT,RD,Wh,Real energy L1..L3,[0],
19062,FLOAT,RD,Wh,"Real energy L1, consumed",[0],
19064,FLOAT,RD,Wh,"Real energy L2, consumed",[0],
19066,FLOAT,RD,Wh,"Real energy L3, consumed",[0],
19068,FLOAT,RD,Wh,"Real energy L1..L3, consumed, rate 1",[1],
19070,FLOAT,RD,Wh,"Real energy L1, delivered",[0],
19072,FLOAT,RD,Wh,"Real energy L2, delivered",[0],
19074,FLOAT,RD,Wh,"Real energy L3, delivered",[0],
19076,FLOAT,RD,Wh,"Real energy L1..L3, delivered",[0],
19078,FLOAT,RD,VAh,Apparent energy L1,[0],
19080,FLOAT,RD,VAh,Apparent energy L2,[0],
19082,FLOAT,RD,VAh,Apparent energy L3,[0],
19084,FLOAT,RD,VAh,Apparent energy L1..L3,[0],
19086,FLOAT,RD,varh,Reactive energy L1,[0],
19088,FLOAT,RD,varh,Reactive energy L2,[0],
19090,FLOAT,RD,varh,Reactive energy L3,[0],
19092,FLOAT,RD,varh,Reactive energy L1..L3,[0],
19094,FLOAT,RD,varh,Reactive energy ind. L1,[0],
19096,FLOAT,RD,varh,Reactive energy ind. L2,[0],
19098,FLOAT,RD,varh,Reactive energy ind. L3,[0],
19100,FLOAT,RD,varh,Reactive energy ind. L1..L3,[0],
19102,FLOAT,RD,varh,Reactive energy cap. L1,[0],
19104,FLOAT,RD,varh,Reactive energy cap. L2,[0],
19106,FLOAT,RD,varh,Reactive energy cap. L3,[0],
19108,FLOAT,RD,varh,Reactive energy cap. L1..L3,[0],
1000,FLOAT,RD,V,Harmonic U L1,[0],
1002,FLOAT,RD,V,Harmonic U L1,[1],
1004,FLOAT,RD,V,Harmonic U L1,[2],
1006,FLOAT,RD,V,Harmonic U L1,[3],
1008,FLOAT,RD,V,Harmonic U L1,[4],
1010,FLOAT,RD,V,Harmonic U L1,[5],
1012,FLOAT,RD,V,Harmonic U L1,[6],
1014,FLOAT,RD,V,Harmonic U L1,[7],
1016,FLOAT,RD,V,Harmonic U L1,[8],
1018,FLOAT,RD,V,Harmonic U L1,[9],
1020,FLOAT,RD,V,Harmonic U L1,[10],
1022,FLOAT,RD,V,Harmonic U L1,[11],
1024,FLOAT,RD,V,Harmonic U L1,[12],
1026,FLOAT,RD,V,Harmonic U L1,[13],
1028,FLOAT,RD,V,Harmonic U L1,[14],
1030,FLOAT,RD,V,Harmonic U L1,[15],
1032,FLOAT,RD,V,Harmonic U L1,[16],
1034,FLOAT,RD,V,Harmonic U L1,[17],
1036,FLOAT,RD,V,Harmonic U L1,[18],
1038,FLOAT,RD,V,Harmonic U L1,[19],
1040,FLOAT,RD,V,Harmonic U L1,[20],
1042,FLOAT,RD,V,Harmonic U L1,[21],
1044,FLOAT,RD,V,Harmonic U L1,[22],
1046,FLOAT,RD,V,Harmonic U L1,[23],
1048,FLOAT,RD,V,Harmonic U L1,[24],
1050,FLOAT,RD,V,Harmonic U L1,[25],
1052,FLOAT,RD,V,Harmonic U L1,[26],
1054,FLOAT,RD,V,Harmonic U L1,[27],
1056,FLOAT,RD,V,Harmonic U L1,[28],
1058,FLOAT,RD,V,Harmonic U L1,[29],
1060,FLOAT,RD,V,Harmonic U L1,[30],
1062,FLOAT,RD,V,Harmonic U L1,[31],
1064,FLOAT,RD,V,Harmonic U L1,[32],
1066,FLOAT,RD,V,Harmonic U L1,[33],
1068,FLOAT,RD,V,Harmonic U L1,[34],
1070,FLOAT,RD,V,Harmonic U L1,[35],
1072,FLOAT,RD,V,Harmonic U L1,[36],
1074,FLOAT,RD,V,Harmonic U L1,[37],
1076,FLOAT,RD,V,Harmonic U L1,[38],
1078,FLOAT,RD,V,Harmonic U L1,[39],
1080,FLOAT,RD,V,Harmonic U L2,[0],
1082,FLOAT,RD,V,Harmonic U L2,[1],
1084,FLOAT,RD,V,Harmonic U L2,[2],
1086,FLOAT,RD,V,Harmonic U L2,[3],
1088,FLOAT,RD,V,Harmonic U L2,[4],
1090,FLOAT,RD,V,Harmonic U L2,[5],
1092,FLOAT,RD,V,Harmonic U L2,[6],
1094,FLOAT,RD,V,Harmonic U L2,[7],
1096,FLOAT,RD,V,Harmonic U L2,[8],
1098,FLOAT,RD,V,Harmonic U L2,[9],
1100,FLOAT,RD,V,Harmonic U L2,[10],
1102,FLOAT,RD,V,Harmonic U L2,[11],
1104,FLOAT,RD,V,Harmonic U L2,[12],
1106,FLOAT,RD,V,Harmonic U L2,[13],
1108,FLOAT,RD,V,Harmonic U L2,[14],
1110,FLOAT,RD,V,Harmonic U L2,[15],
1112,FLOAT,RD,V,Harmonic U L2,[16],
1114,FLOAT,RD,V,Harmonic U L2,[17],
1116,FLOAT,RD,V,Harmonic U L2,[18],
1118,FLOAT,RD,V,Harmonic U L2,[19],
1120,FLOAT,RD,V,Harmonic U L2,[20],
1122,FLOAT,RD,V,Harmonic U L2,[21],
1124,FLOAT,RD,V,Harmonic U L2,[22],
1126,FLOAT,RD,V,Harmonic U L2,[23],
1128,FLOAT,RD,V,Harmonic U L2,[24],
1130,FLOAT,RD,V,Harmonic U L2,[25],
1132,FLOAT,RD,V,Harmonic U L2,[26],
1134,FLOAT,RD,V,Harmonic U L2,[27],
1136,FLOAT,RD,V,Harmonic U L2,[28],
1138,FLOAT,RD,V,Harmonic U L2,[29],
1140,FLOAT,RD,V,Harmonic U L2,[30],
1142,FLOAT,RD,V,Harmonic U L2,[31],
1144,FLOAT,RD,V,Harmonic U L2,[32],
1146,FLOAT,RD,V,Harmonic U L2,[33],
1148,FLOAT,RD,V,Harmonic U L2,[34],
1150,FLOAT,RD,V,Harmonic U L2,[35],
1152,FLOAT,RD,V,Harmonic U L2,[36],
1154,FLOAT,RD,V,Harmonic U L2,[37],
1156,FLOAT,RD,V,Harmonic U L2,[38],
1158,FLOAT,RD,V,Harmonic U L2,[39],
1160,FLOAT,RD,V,Harmonic U L3,[0],
1162,FLOAT,RD,V,Harmonic U L3,[1],
1164,FLOAT,RD,V,Harmonic U L3,[2],
1166,FLOAT,RD,V,Harmonic U L3,[3],
1168,FLOAT,RD,V,Harmonic U L3,[4],
1170,FLOAT,RD,V,Harmonic U L3,[5],
1172,FLOAT,RD,V,Harmonic U L3,[6],
1174,FLOAT,RD,V,Harmonic U L3,[7],
1176,FLOAT,RD,V,Harmonic U L3,[8],
1178,FLOAT,RD,V,Harmonic U L3,[9],
1180,FLOAT,RD,V,Harmonic U L3,[10],
1182,FLOAT,RD,V,Harmonic U L3,[11],
1184,FLOAT,RD,V,Harmonic U L3,[12],
1186,FLOAT,RD,V,Harmonic U L3,[13],
1188,FLOAT,RD,V,Harmonic U L3,[14],
1190,FLOAT,RD,V,Harmonic U L3,[15],
1192,FLOAT,RD,V,Harmonic U L3,[16],
1194,FLOAT,RD,V,Harmonic U L3,[17],
1196,FLOAT,RD,V,Harmonic U L3,[18],
1198,FLOAT,RD,V,Harmonic U L3,[19],
1200,FLOAT,RD,V,Harmonic U L3,[20],
1202,FLOAT,RD,V,Harmonic U L3,[21],
1204,FLOAT,RD,V,Harmonic U L3,[22],
1206,FLOAT,RD,V,Harmonic U L3,[23],
1208,FLOAT,RD,V,Harmonic U L3,[24],
1210,FLOAT,RD,V,Harmonic U L3,[25],
1212,FLOAT,RD,V,Harmonic U L3,[26],
1214,FLOAT,RD,V,Harmonic U L3,[27],
1216,FLOAT,RD,V,Harmonic U L3,[28],
1218,FLOAT,RD,V,Harmonic U L3,[29],
1220,FLOAT,RD,V,Harmonic U L3,[30],
1222,FLOAT,RD,V,Harmonic U L3,[31],
1224,FLOAT,RD,V,Harmonic U L3,[32],
1226,FLOAT,RD,V,Harmonic U L3,[33],
1228,FLOAT,RD,V,Harmonic U L3,[34],
1230,FLOAT,RD,V,Harmonic U L3,[35],
1232,FLOAT,RD,V,Harmonic U L3,[36],
1234,FLOAT,RD,V,Harmonic U L3,[37],
1236,FLOAT,RD,V,Harmonic U L3,[38],
1238,FLOAT,RD,V,Harmonic U L3,[39],
1480,FLOAT,RD,A,Harmonic I L1,[0],
1482,FLOAT,RD,A,Harmonic I L1,[1],
1484,FLOAT,RD,A,Harmonic I L1,[2],
1486,FLOAT,RD,A,Harmonic I L1,[3],
1488,FLOAT,RD,A,Harmonic I L1,[4],
1490,FLOAT,RD,A,Harmonic I L1,[5],
1492,FLOAT,RD,A,Harmonic I L1,[6],
1494,FLOAT,RD,A,Harmonic I L1,[7],
1496,FLOAT,RD,A,Harmonic I L1,[8],
1498,FLOAT,RD,A,Harmonic I L1,[9],
1500,FLOAT,RD,A,Harmonic I L1,[10],
1502,FLOAT,RD,A,Harmonic I L1,[11],
1504,FLOAT,RD,A,Harmonic I L1,[12],
1506,FLOAT,RD,A,Harmonic I L1,[13],
1508,FLOAT,RD,A,Harmonic I L1,[14],
1510,FLOAT,RD,A,Harmonic I L1,[15],
1512,FLOAT,RD,A,Harmonic I L1,[16],
1514,FLOAT,RD,A,Harmonic I L1,[17],
1516,FLOAT,RD,A,Harmonic I L1,[18],
1518,FLOAT,RD,A,Harmonic I L1,[19],
1520,FLOAT,RD,A,Harmonic I L1,[20],
1522,FLOAT,RD,A,Harmonic I L1,[21],
1524,FLOAT,RD,A,Harmonic I L1,[22],
1526,FLOAT,RD,A,Harmonic I L1,[23],
1528,FLOAT,RD,A,Harmonic I L1,[24],
1530,FLOAT,RD,A,Harmonic I L1,[25],
1532,FLOAT,RD,A,Harmonic I L1,[26],
1534,FLOAT,RD,A,Harmonic I L1,[27],
1536,FLOAT,RD,A,Harmonic I L1,[28],
1538,FLOAT,RD,A,Harmonic I L1,[29],
1540,FLOAT,RD,A,Harmonic I L1,[30],
1542,FLOAT,RD,A,Harmonic I L1,[31],
1544,FLOAT,RD,A,Harmonic I L1,[32],
1546,FLOAT,RD,A,Harmonic I L1,[33],
1548,FLOAT,RD,A,Harmonic I L1,[34],
1550,FLOAT,RD,A,Harmonic I L1,[35],
1552,FLOAT,RD,A,Harmonic I L1,[36],
1554,FLOAT,RD,A,Harmonic I L1,[37],
1556,FLOAT,RD,A,Harmonic I L1,[38],
1558,FLOAT,RD,A,Harmonic I L1,[39],
1560,FLOAT,RD,A,Harmonic I L2,[0],
1562,FLOAT,RD,A,Harmonic I L2,[1],
1564,FLOAT,RD,A,Harmonic I L2,[2],
1566,FLOAT,RD,A,Harmonic I L2,[3],
1568,FLOAT,RD,A,Harmonic I L2,[4],
1570,FLOAT,RD,A,Harmonic I L2,[5],
1572,FLOAT,RD,A,Harmonic I L2,[6],
1574,FLOAT,RD,A,Harmonic I L2,[7],
1576,FLOAT,RD,A,Harmonic I L2,[8],
1578,FLOAT,RD,A,Harmonic I L2,[9],
1580,FLOAT,RD,A,Harmonic I L2,[10],
1582,FLOAT,RD,A,Harmonic I L2,[11],
1584,FLOAT,RD,A,Harmonic I L2,[12],
1586,FLOAT,RD,A,Harmonic I L2,[13],
1588,FLOAT,RD,A,Harmonic I L2,[14],
1590,FLOAT,RD,A,Harmonic I L2,[15],
1592,FLOAT,RD,A,Harmonic I L2,[16],
1594,FLOAT,RD,A,Harmonic I L2,[17],
1596,FLOAT,RD,A,Harmonic I L2,[18],
1598,FLOAT,RD,A,Harmonic I L2,[19],
1600,FLOAT,RD,A,Harmonic I L2,[20],
1602,FLOAT,RD,A,Harmonic I L2,[21],
1604,FLOAT,RD,A,Harmonic I L2,[22],
1606,FLOAT,RD,A,Harmonic I L2,[23],
1608,FLOAT,RD,A,Harmonic I L2,[24],
1610,FLOAT,RD,A,Harmonic I L2,[25],
1612,FLOAT,RD,A,Harmonic I L2,[26],
1614,FLOAT,RD,A,Harmonic I L2,[27],
1616,FLOAT,RD,A,Harmonic I L2,[28],
1618,FLOAT,RD,A,Harmonic I L2,[29],
1620,FLOAT,RD,A,Harmonic I L2,[30],
1622,FLOAT,RD,A,Harmonic I L2,[31],
1624,FLOAT,RD,A,Harmonic I L2,[32],
1626,FLOAT,RD,A,Harmonic I L2,[33],
1628,FLOAT,RD,A,Harmonic I L2,[34],
1630,FLOAT,RD,A,Harmonic I L2,[35],
1632,FLOAT,RD,A,Harmonic I L2,[36],
1634,FLOAT,RD,A,Harmonic I L2,[37],
1636,FLOAT,RD,A,Harmonic I L2,[38],
1638,FLOAT,RD,A,Harmonic I L2,[39],
1640,FLOAT,RD,A,Harmonic I L3,[0],
1642,FLOAT,RD,A,Harmonic I L3,[1],
1644,FLOAT,RD,A,Harmonic I L3,[2],
1646,FLOAT,RD,A,Harmonic I L3,[3],
1648,FLOAT,RD,A,Harmonic I L3,[4],
1650,FLOAT,RD,A,Harmonic I L3,[5],
1652,FLOAT,RD,A,Harmonic I L3,[6],
1654,FLOAT,RD,A,Harmonic I L3,[7],
1656,FLOAT,RD,A,Harmonic I L3,[8],
1658,FLOAT,RD,A,Harmonic I L3,[9],
1660,FLOAT,RD,A,Harmonic I L3,[10],
1662,FLOAT,RD,A,Harmonic I L3,[11],
1664,FLOAT,RD,A,Harmonic I L3,[12],
1666,FLOAT,RD,A,Harmonic I L3,[13],
1668,FLOAT,RD,A,Harmonic I L3,[14],
1670,FLOAT,RD,A,Harmonic I L3,[15],
1672,FLOAT,RD,A,Harmonic I L3,[16],
1674,FLOAT,RD,A,Harmonic I L3,[17],
1676,FLOAT,RD,A,Harmonic I L3,[18],
1678,FLOAT,RD,A,Harmonic I L3,[19],
1680,FLOAT,RD,A,Harmonic I L3,[20],
1682,FLOAT,RD,A,Harmonic I L3,[21],
1684,FLOAT,RD,A,Harmonic I L3,[22],
1686,FLOAT,RD,A,Harmonic I L3,[23],
1688,FLOAT,RD,A,Harmonic I L3,[24],
1690,FLOAT,RD,A,Harmonic I L3,[25],
1692,FLOAT,RD,A,Harmonic I L3,[26],
1694,FLOAT,RD,A,Harmonic I L3,[27],
1696,FLOAT,RD,A,Harmonic I L3,[28],
1698,FLOAT,RD,A,Harmonic I L3,[29],
1700,FLOAT,RD,A,Harmonic I L3,[30],
1702,FLOAT,RD,A,Harmonic I L3,[31],
1704,FLOAT,RD,A,Harmonic I L3,[32],
1706,FLOAT,RD,A,Harmonic I L3,[33],
1708,FLOAT,RD,A,Harmonic I L3,[34],
1710,FLOAT,RD,A,Harmonic I L3,[35],
1712,FLOAT,RD,A,Harmonic I L3,[36],
1714,FLOAT,RD,A,Harmonic I L3,[37],
1716,FLOAT,RD,A,Harmonic I L3,[38],
1718,FLOAT,RD,A,Harmonic I L3,[39],
1740,FLOAT,RD,V,"Average, Harmonic U L1",[0],
1742,FLOAT,RD,V,"Average, Harmonic U L1",[1],
1744,FLOAT,RD,V,"Average, Harmonic U L1",[2],
1746,FLOAT,RD,V,"Average, Harmonic U L1",[3],
1748,FLOAT,RD,V,"Average, Harmonic U L1",[4],
1750,FLOAT,RD,V,"Average, Harmonic U L1",[5],
1752,FLOAT,RD,V,"Average, Harmonic U L1",[6],
1754,FLOAT,RD,V,"Average, Harmonic U L1",[7],
1756,FLOAT,RD,V,"Average, Harmonic U L1",[8],
1758,FLOAT,RD,V,"Average, Harmonic U L1",[9],
1760,FLOAT,RD,V,"Average, Harmonic U L1",[10],
1762,FLOAT,RD,V,"Average, Harmonic U L1",[11],
1764,FLOAT,RD,V,"Average, Harmonic U L1",[12],
1766,FLOAT,RD,V,"Average, Harmonic U L1",[13],
1768,FLOAT,RD,V,"Average, Harmonic U L1",[14],
1770,FLOAT,RD,V,"Average, Harmonic U L1",[15],
1772,FLOAT,RD,V,"Average, Harmonic U L1",[16],
1774,FLOAT,RD,V,"Average, Harmonic U L1",[17],
1776,FLOAT,RD,V,"Average, Harmonic U L1",[18],
1778,FLOAT,RD,V,"Average, Harmonic U L1",[19],
1780,FLOAT,RD,V,"Average, Harmonic U L1",[20],
1782,FLOAT,RD,V,"Average, Harmonic U L1",[21],
1784,FLOAT,RD,V,"Average, Harmonic U L1",[22],
1786,FLOAT,RD,V,"Average, Harmonic U L1",[23],
1788,FLOAT,RD,V,"Average, Harmonic U L1",[24],
1790,FLOAT,RD,V,"Average, Harmonic U L1",[25],
1792,FLOAT,RD,V,"Average, Harmonic U L1",[26],
1794,FLOAT,RD,V,"Average, Harmonic U L1",[27],
1796,FLOAT,RD,V,"Average, Harmonic U L1",[28],
1798,FLOAT,RD,V,"Average, Harmonic U L1",[29],
1800,FLOAT,RD,V,"Average, Harmonic U L1",[30],
1802,FLOAT,RD,V,"Average, Harmonic U L1",[31],
1804,FLOAT,RD,V,"Average, Harmonic U L1",[32],
1806,FLOAT,RD,V,"Average, Harmonic U L1",[33],
1808,FLOAT,RD,V,"Average, Harmonic U L1",[34],
1810,FLOAT,RD,V,"Average, Harmonic U L1",[35],
1812,FLOAT,RD,V,"Average, Harmonic U L1",[36],
1814,FLOAT,RD,V,"Average, Harmonic U L1",[37],
1816,FLOAT,RD,V,"Average, Harmonic U L1",[38],
1818,FLOAT,RD,V,"Average, Harmonic U L1",[39],
1820,FLOAT,RD,V,"Average, Harmonic U L2",[0],
1822,FLOAT,RD,V,"Average, Harmonic U L2",[1],
1824,FLOAT,RD,V,"Average, Harmonic U L2",[2],
1826,FLOAT,RD,V,"Average, Harmonic U L2",[3],
1828,FLOAT,RD,V,"Average, Harmonic U L2",[4],
1830,FLOAT,RD,V,"Average, Harmonic U L2",[5],
1832,FLOAT,RD,V,"Average, Harmonic U L2",[6],
1834,FLOAT,RD,V,"Average, Harmonic U L2",[7],
1836,FLOAT,RD,V,"Average, Harmonic U L2",[8],
1838,FLOAT,RD,V,"Average, Harmonic U L2",[9],
1840,FLOAT,RD,V,"Average, Harmonic U L2",[10],
1842,FLOAT,RD,V,"Average, Harmonic U L2",[11],
1844,FLOAT,RD,V,"Average, Harmonic U L2",[12],
1846,FLOAT,RD,V,"Average, Harmonic U L2",[13],
1848,FLOAT,RD,V,"Average, Harmonic U L2",[14],
1850,FLOAT,RD,V,"Average, Harmonic U L2",[15],
1852,FLOAT,RD,V,"Average, Harmonic U L2",[16],
1854,FLOAT,RD,V,"Average, Harmonic U L2",[17],
1856,FLOAT,RD,V,"Average, Harmonic U L2",[18],
1858,FLOAT,RD,V,"Average, Harmonic U L2",[19],
1860,FLOAT,RD,V,"Average, Harmonic U L2",[20],
1862,FLOAT,RD,V,"Average, Harmonic U L2",[21],
1864,FLOAT,RD,V,"Average, Harmonic U L2",[22],
1866,FLOAT,RD,V,"Average, Harmonic U L2",[23],
1868,FLOAT,RD,V,"Average, Harmonic U L2",[24],
1870,FLOAT,RD,V,"Average, Harmonic U L2",[25],
1872,FLOAT,RD,V,"Average, Harmonic U L2",[26],
1874,FLOAT,RD,V,"Average, Harmonic U L2",[27],
1876,FLOAT,RD,V,"Average, Harmonic U L2",[28],
1878,FLOAT,RD,V,"Average, Harmonic U L2",[29],
1880,FLOAT,RD,V,"Average, Harmonic U L2",[30],
1882,FLOAT,RD,V,"Average, Harmonic U L2",[31],
1884,FLOAT,RD,V,"Average, Harmonic U L2",[32],
1886,FLOAT,RD,V,"Average, Harmonic U L2",[33],
1888,FLOAT,RD,V,"Average, Harmonic U L2",[34],
1890,FLOAT,RD,V,"Average, Harmonic U L2",[35],
1892,FLOAT,RD,V,"Average, Harmonic U L2",[36],
1894,FLOAT,RD,V,"Average, Harmonic U L2",[37],
1896,FLOAT,RD,V,"Average, Harmonic U L2",[38],
1898,FLOAT,RD,V,"Average, Harmonic U L2",[39],
1900,FLOAT,RD,V,"Average, Harmonic U L3",[0],
1902,FLOAT,RD,V,"Average, Harmonic U L3",[1],
1904,FLOAT,RD,V,"Average, Harmonic U L3",[2],
1906,FLOAT,RD,V,"Average, Harmonic U L3",[3],
1908,FLOAT,RD,V,"Average, Harmonic U L3",[4],
1910,FLOAT,RD,V,"Average, Harmonic U L3",[5],
1912,FLOAT,RD,V,"Average, Harmonic U L3",[6],
1914,FLOAT,RD,V,"Average, Harmonic U L3",[7],
1916,FLOAT,RD,V,"Average, Harmonic U L3",[8],
1918,FLOAT,RD,V,"Average, Harmonic U L3",[9],
1920,FLOAT,RD,V,"Average, Harmonic U L3",[10],
1922,FLOAT,RD,V,"Average, Harmonic U L3",[11],
1924,FLOAT,RD,V,"Average, Harmonic U L3",[12],
1926,FLOAT,RD,V,"Average, Harmonic U L3",[13],
1928,FLOAT,RD,V,"Average, Harmonic U L3",[14],
1930,FLOAT,RD,V,"Average, Harmonic U L3",[15],
1932,FLOAT,RD,V,"Average, Harmonic U L3",[16],
1934,FLOAT,RD,V,"Average, Harmonic U L3",[17],
1936,FLOAT,RD,V,"Average, Harmonic U L3",[18],
1938,FLOAT,RD,V,"Average, Harmonic U L3",[19],
1940,FLOAT,RD,V,"Average, Harmonic U L3",[20],
1942,FLOAT,RD,V,"Average, Harmonic U L3",[21],
1944,FLOAT,RD,V,"Average, Harmonic U L3",[22],
1946,FLOAT,RD,V,"Average, Harmonic U L3",[23],
1948,FLOAT,RD,V,"Average, Harmonic U L3",[24],
1950,FLOAT,RD,V,"Average, Harmonic U L3",[25],
1952,FLOAT,RD,V,"Average, Harmonic U L3",[26],
1954,FLOAT,RD,V,"Average, Harmonic U L3",[27],
1956,FLOAT,RD,V,"Average, Harmonic U L3",[28],
1958,FLOAT,RD,V,"Average, Harmonic U L3",[29],
1960,FLOAT,RD,V,"Average, Harmonic U L3",[30],
1962,FLOAT,RD,V,"Average, Harmonic U L3",[31],
1964,FLOAT,RD,V,"Average, Harmonic U L3",[32],
1966,FLOAT,RD,V,"Average, Harmonic U L3",[33],
1968,FLOAT,RD,V,"Average, Harmonic U L3",[34],
1970,FLOAT,RD,V,"Average, Harmonic U L3",[35],
1972,FLOAT,RD,V,"Average, Harmonic U L3",[36],
1974,FLOAT,RD,V,"Average, Harmonic U L3",[37],
1976,FLOAT,RD,V,"Average, Harmonic U L3",[38],
1978,FLOAT,RD,V,"Average, Harmonic U L3",[39],
2260,FLOAT,RD,A,"Average, Harmonic I L1",[0],
2262,FLOAT,RD,A,"Average, Harmonic I L1",[1],
2264,FLOAT,RD,A,"Average, Harmonic I L1",[2],
2266,FLOAT,RD,A,"Average, Harmonic I L1",[3],
2268,FLOAT,RD,A,"Average, Harmonic I L1",[4],
2270,FLOAT,RD,A,"Average, Harmonic I L1",[5],
2272,FLOAT,RD,A,"Average, Harmonic I L1",[6],
2274,FLOAT,RD,A,"Average, Harmonic I L1",[7],
2276,FLOAT,RD,A,"Average, Harmonic I L1",[8],
2278,FLOAT,RD,A,"Average, Harmonic I L1",[9],
2280,FLOAT,RD,A,"Average, Harmonic I L1",[10],
2282,FLOAT,RD,A,"Average, Harmonic I L1",[11],
2284,FLOAT,RD,A,"Average, Harmonic I L1",[12],
2286,FLOAT,RD,A,"Average, Harmonic I L1",[13],
2288,FLOAT,RD,A,"Average, Harmonic I L1",[14],
2290,FLOAT,RD,A,"Average, Harmonic I L1",[15],
2292,FLOAT,RD,A,"Average, Harmonic I L1",[16],
2294,FLOAT,RD,A,"Average, Harmonic I L1",[17],
2296,FLOAT,RD,A,"Average, Harmonic I L1",[18],
2298,FLOAT,RD,A,"Average, Harmonic I L1",[19],
2300,FLOAT,RD,A,"Average, Harmonic I L1",[20],
2302,FLOAT,RD,A,"Average, Harmonic I L1",[21],
2304,FLOAT,RD,A,"Average, Harmonic I L1",[22],
2306,FLOAT,RD,A,"Average, Harmonic I L1",[23],
2308,FLOAT,RD,A,"Average, Harmonic I L1",[24],
2310,FLOAT,RD,A,"Average, Harmonic I L1",[25],
2312,FLOAT,RD,A,"Average, Harmonic I L1",[26],
2314,FLOAT,RD,A,"Average, Harmonic I L1",[27],
2316,FLOAT,RD,A,"Average, Harmonic I L1",[28],
2318,FLOAT,RD,A,"Average, Harmonic I L1",[29],
2320,FLOAT,RD,A,"Average, Harmonic I L1",[30],
2322,FLOAT,RD,A,"Average, Harmonic I L1",[31],
2324,FLOAT,RD,A,"Average, Harmonic I L1",[32],
2326,FLOAT,RD,A,"Average, Harmonic I L1",[33],
2328,FLOAT,RD,A,"Average, Harmonic I L1",[34],
2330,FLOAT,RD,A,"Average, Harmonic I L1",[35],
2332,FLOAT,RD,A,"Average, Harmonic I L1",[36],
2334,FLOAT,RD,A,"Average, Harmonic I L1",[37],
2336,FLOAT,RD,A,"Average, Harmonic I L1",[38],
2338,FLOAT,RD,A,"Average, Harmonic I L1",[39],
2340,FLOAT,RD,A,"Average, Harmonic I L2",[0],
2342,FLOAT,RD,A,"Average, Harmonic I L2",[1],
2344,FLOAT,RD,A,"Average, Harmonic I L2",[2],
2346,FLOAT,RD,A,"Average, Harmonic I L2",[3],
2348,FLOAT,RD,A,"Average, Harmonic I L2",[4],
2350,FLOAT,RD,A,"Average, Harmonic I L2",[5],
2352,FLOAT,RD,A,"Average, Harmonic I L2",[6],
2354,FLOAT,RD,A,"Average, Harmonic I L2",[7],
2356,FLOAT,RD,A,"Average, Harmonic I L2",[8],
2358,FLOAT,RD,A,"Average, Harmonic I L2",[9],
2360,FLOAT,RD,A,"Average, Harmonic I L2",[10],
2362,FLOAT,RD,A,"Average, Harmonic I L2",[11],
2364,FLOAT,RD,A,"Average, Harmonic I L2",[12],
2366,FLOAT,RD,A,"Average, Harmonic I L2",[13],
2368,FLOAT,RD,A,"Average, Harmonic I L2",[14],
2370,FLOAT,RD,A,"Average, Harmonic I L2",[15],
2372,FLOAT,RD,A,"Average, Harmonic I L2",[16],
2374,FLOAT,RD,A,"Average, Harmonic I L2",[17],
2376,FLOAT,RD,A,"Average, Harmonic I L2",[18],
2378,FLOAT,RD,A,"Average, Harmonic I L2",[19],
2380,FLOAT,RD,A,"Average, Harmonic I L2",[20],
2382,FLOAT,RD,A,"Average, Harmonic I L2",[21],
2384,FLOAT,RD,A,"Average, Harmonic I L2",[22],
2386,FLOAT,RD,A,"Average, Harmonic I L2",[23],
2388,FLOAT,RD,A,"Average, Harmonic I L2",[24],
2390,FLOAT,RD,A,"Average, Harmonic I L2",[25],
2392,FLOAT,RD,A,"Average, Harmonic I L2",[26],
2394,FLOAT,RD,A,"Average, Harmonic I L2",[27],
2396,FLOAT,RD,A,"Average, Harmonic I L2",[28],
2398,FLOAT,RD,A,"Average, Harmonic I L2",[29],
2400,FLOAT,RD,A,"Average, Harmonic I L2",[30],
2402,FLOAT,RD,A,"Average, Harmonic I L2",[31],
2404,FLOAT,RD,A,"Average, Harmonic I L2",[32],
2406,FLOAT,RD,A,"Average, Harmonic I L2",[33],
2408,FLOAT,RD,A,"Average, Harmonic I L2",[34],
2410,FLOAT,RD,A,"Average, Harmonic I L2",[35],
2412,FLOAT,RD,A,"Average, Harmonic I L2",[36],
2414,FLOAT,RD,A,"Average, Harmonic I L2",[37],
2416,FLOAT,RD,A,"Average, Harmonic I L2",[38],
2418,FLOAT,RD,A,"Average, Harmonic I L2",[39],
2420,FLOAT,RD,A,"Average, Harmonic I L3",[0],
2422,FLOAT,RD,A,"Average, Harmonic I L3",[1],
2424,FLOAT,RD,A,"Average, Harmonic I L3",[2],
2426,FLOAT,RD,A,"Average, Harmonic I L3",[3],
2428,FLOAT,RD,A,"Average, Harmonic I L3",[4],
2430,FLOAT,RD,A,"Average, Harmonic I L3",[5],
2432,FLOAT,RD,A,"Average, Harmonic I L3",[6],
2434,FLOAT,RD,A,"Average, Harmonic I L3",[7],
2436,FLOAT,RD,A,"Average, Harmonic I L3",[8],
2438,FLOAT,RD,A,"Average, Harmonic I L3",[9],
2440,FLOAT,RD,A,"Average, Harmonic I L3",[10],
2442,FLOAT,RD,A,"Average, Harmonic I L3",[11],
2444,FLOAT,RD,A,"Average, Harmonic I L3",[12],
2446,FLOAT,RD,A,"Average, Harmonic I L3",[13],
2448,FLOAT,RD,A,"Average, Harmonic I L3",[14],
2450,FLOAT,RD,A,"Average, Harmonic I L3",[15],
2452,FLOAT,RD,A,"Average, Harmonic I L3",[16],
2454,FLOAT,RD,A,"Average, Harmonic I L3",[17],
2456,FLOAT,RD,A,"Average, Harmonic I L3",[18],
2458,FLOAT,RD,A,"Average, Harmonic I L3",[19],
2460,FLOAT,RD,A,"Average, Harmonic I L3",[20],
2462,FLOAT,RD,A,"Average, Harmonic I L3",[21],
2464,FLOAT,RD,A,"Average, Harmonic I L3",[22],
2466,FLOAT,RD,A,"Average, Harmonic I L3",[23],
2468,FLOAT,RD,A,"Average, Harmonic I L3",[24],
2470,FLOAT,RD,A,"Average, Harmonic I L3",[25],
2472,FLOAT,RD,A,"Average, Harmonic I L3",[26],
2474,FLOAT,RD,A,"Average, Harmonic I L3",[27],
2476,FLOAT,RD,A,"Average, Harmonic I L3",[28],
2478,FLOAT,RD,A,"Average, Harmonic I L3",[29],
2480,FLOAT,RD,A,"Average, Harmonic I L3",[30],
2482,FLOAT,RD,A,"Average, Harmonic I L3",[31],
2484,FLOAT,RD,A,"Average, Harmonic I L3",[32],
2486,FLOAT,RD,A,"Average, Harmonic I L3",[33],
2488,FLOAT,RD,A,"Average, Harmonic I L3",[34],
2490,FLOAT,RD,A,"Average, Harmonic I L3",[35],
2492,FLOAT,RD,A,"Average, Harmonic I L3",[36],
2494,FLOAT,RD,A,"Average, Harmonic I L3",[37],
2496,FLOAT,RD,A,"Average, Harmonic I L3",[38],
2498,FLOAT,RD,A,"Average, Harmonic I L3",[39],
2598,FLOAT,RD/WR,V,"Maximum, Harmonic U L1",[0],
2600,FLOAT,RD/WR,V,"Maximum, Harmonic U L1",[1],
2602,FLOAT,RD/WR,V,"Maximum, Harmonic U L1",[2],
2604,FLOAT,RD/WR,V,"Maximum, Harmonic U L1",[3],
2606,FLOAT,RD/WR,V,"Maximum, Harmonic U L1",[4],
2608,FLOAT,RD/WR,V,"Maximum, Harmonic U L1",[5],
2610,FLOAT,RD/WR,V,"Maximum, Harmonic U L1",[6],
2612,FLOAT,RD/WR,V,"Maximum, Harmonic U L1",[7],
2614,FLOAT,RD/WR,V,"Maximum, Harmonic U L1",[8],
2616,FLOAT,RD/WR,V,"Maximum, Harmonic U L1",[9],
2618,FLOAT,RD/WR,V,"Maximum, Harmonic U L1",[10],
2620,FLOAT,RD/WR,V,"Maximum, Harmonic U L1",[11],
2622,FLOAT,RD/WR,V,"Maximum, Harmonic U L1",[12],
2624,FLOAT,RD/WR,V,"Maximum, Harmonic U L1",[13],
2626,FLOAT,RD/WR,V,"Maximum, Harmonic U L1",[14],
2628,FLOAT,RD/WR,V,"Maximum, Harmonic U L1",[15],
2630,FLOAT,RD/WR,V,"Maximum, Harmonic U L1",[16],
2632,FLOAT,RD/WR,V,"Maximum, Harmonic U L1",[17],
2634,FLOAT,RD/WR,V,"Maximum, Harmonic U L1",[18],
2636,FLOAT,RD/WR,V,"Maximum, Harmonic U L1",[19],
2638,FLOAT,RD/WR,V,"Maximum, Harmonic U L1",[20],
2640,FLOAT,RD/WR,V,"Maximum, Harmonic U L1",[21],
2642,FLOAT,RD/WR,V,"Maximum, Harmonic U L1",[22],
2644,FLOAT,RD/WR,V,"Maximum, Harmonic U L1",[23],
2646,FLOAT,RD/WR,V,"Maximum, Harmonic U L1",[24],
2648,FLOAT,RD/WR,V,"Maximum, Harmonic U L1",[25],
2650,FLOAT,RD/WR,V,"Maximum, Harmonic U L1",[26],
2652,FLOAT,RD/WR,V,"Maximum, Harmonic U L1",[27],
2654,FLOAT,RD/WR,V,"Maximum, Harmonic U L1",[28],
2656,FLOAT,RD/WR,V,"Maximum, Harmonic U L1",[29],
2658,FLOAT,RD/WR,V,"Maximum, Harmonic U L1",[30],
2660,FLOAT,RD/WR,V,"Maximum, Harmonic U L1",[31],
2662,FLOAT,RD/WR,V,"Maximum, Harmonic U L1",[32],
2664,FLOAT,RD/WR,V,"Maximum, Harmonic U L1",[33],
2666,FLOAT,RD/WR,V,"Maximum, Harmonic U L1",[34],
2668,FLOAT,RD/WR,V,"Maximum, Harmonic U L1",[35],
2670,FLOAT,RD/WR,V,"Maximum, Harmonic U L1",[36],
2672,FLOAT,RD/WR,V,"Maximum, Harmonic U L1",[37],
2674,FLOAT,RD/WR,V,"Maximum, Harmonic U L1",[38],
2676,FLOAT,RD/WR,V,"Maximum, Harmonic U L1",[39],
2678,FLOAT,RD/WR,V,"Maximum, Harmonic U L2",[0],
2680,FLOAT,RD/WR,V,"Maximum, Harmonic U L2",[1],
2682,FLOAT,RD/WR,V,"Maximum, Harmonic U L2",[2],
2684,FLOAT,RD/WR,V,"Maximum, Harmonic U L2",[3],
2686,FLOAT,RD/WR,V,"Maximum, Harmonic U L2",[4],
2688,FLOAT,RD/WR,V,"Maximum, Harmonic U L2",[5],
2690,FLOAT,RD/WR,V,"Maximum, Harmonic U L2",[6],
2692,FLOAT,RD/WR,V,"Maximum, Harmonic U L2",[7],
2694,FLOAT,RD/WR,V,"Maximum, Harmonic U L2",[8],
2696,FLOAT,RD/WR,V,"Maximum, Harmonic U L2",[9],
2698,FLOAT,RD/WR,V,"Maximum, Harmonic U L2",[10],
2700,FLOAT,RD/WR,V,"Maximum, Harmonic U L2",[11],
2702,FLOAT,RD/WR,V,"Maximum, Harmonic U L2",[12],
2704,FLOAT,RD/WR,V,"Maximum, Harmonic U L2",[13],
2706,FLOAT,RD/WR,V,"Maximum, Harmonic U L2",[14],
2708,FLOAT,RD/WR,V,"Maximum, Harmonic U L2",[15],
2710,FLOAT,RD/WR,V,"Maximum, Harmonic U L2",[16],
2712,FLOAT,RD/WR,V,"Maximum, Harmonic U L2",[17],
2714,FLOAT,RD/WR,V,"Maximum, Harmonic U L2",[18],
2716,FLOAT,RD/WR,V,"Maximum, Harmonic U L2",[19],
2718,FLOAT,RD/WR,V,"Maximum, Harmonic U L2",[20],
2720,FLOAT,RD/WR,V,"Maximum, Harmonic U L2",[21],
2722,FLOAT,RD/WR,V,"Maximum, Harmonic U L2",[22],
2724,FLOAT,RD/WR,V,"Maximum, Harmonic U L2",[23],
2726,FLOAT,RD/WR,V,"Maximum, Harmonic U L2",[24],
2728,FLOAT,RD/WR,V,"Maximum, Harmonic U L2",[25],
2730,FLOAT,RD/WR,V,"Maximum, Harmonic U L2",[26],
2732,FLOAT,RD/WR,V,"Maximum, Harmonic U L2",[27],
2734,FLOAT,RD/WR,V,"Maximum, Harmonic U L2",[28],
2736,FLOAT,RD/WR,V,"Maximum, Harmonic U L2",[29],
2738,FLOAT,RD/WR,V,"Maximum, Harmonic U L2",[30],
2740,FLOAT,RD/WR,V,"Maximum, Harmonic U L2",[31],
2742,FLOAT,RD/WR,V,"Maximum, Harmonic U L2",[32],
2744,FLOAT,RD/WR,V,"Maximum, Harmonic U L2",[33],
2746,FLOAT,RD/WR,V,"Maximum, Harmonic U L2",[34],
2748,FLOAT,RD/WR,V,"Maximum, Harmonic U L2",[35],
2750,FLOAT,RD/WR,V,"Maximum, Harmonic U L2",[36],
2752,FLOAT,RD/WR,V,"Maximum, Harmonic U L2",[37],
2754,FLOAT,RD/WR,V,"Maximum, Harmonic U L2",[38],
2756,FLOAT,RD/WR,V,"Maximum, Harmonic U L2",[39],
2758,FLOAT,RD/WR,V,"Maximum, Harmonic U L3",[0],
2760,FLOAT,RD/WR,V,"Maximum, Harmonic U L3",[1],
2762,FLOAT,RD/WR,V,"Maximum, Harmonic U L3",[2],
2764,FLOAT,RD/WR,V,"Maximum, Harmonic U L3",[3],
2766,FLOAT,RD/WR,V,"Maximum, Harmonic U L3",[4],
2768,FLOAT,RD/WR,V,"Maximum, Harmonic U L3",[5],
2770,FLOAT,RD/WR,V,"Maximum, Harmonic U L3",[6],
2772,FLOAT,RD/WR,V,"Maximum, Harmonic U L3",[7],
2774,FLOAT,RD/WR,V,"Maximum, Harmonic U L3",[8],
2776,FLOAT,RD/WR,V,"Maximum, Harmonic U L3",[9],
2778,FLOAT,RD/WR,V,"Maximum, Harmonic U L3",[10],
2780,FLOAT,RD/WR,V,"Maximum, Harmonic U L3",[11],
2782,FLOAT,RD/WR,V,"Maximum, Harmonic U L3",[12],
2784,FLOAT,RD/WR,V,"Maximum, Harmonic U L3",[13],
2786,FLOAT,RD/WR,V,"Maximum, Harmonic U L3",[14],
2788,FLOAT,RD/WR,V,"Maximum, Harmonic U L3",[15],
2790,FLOAT,RD/WR,V,"Maximum, Harmonic U L3",[16],
2792,FLOAT,RD/WR,V,"Maximum, Harmonic U L3",[17],
2794,FLOAT,RD/WR,V,"Maximum, Harmonic U L3",[18],
2796,FLOAT,RD/WR,V,"Maximum, Harmonic U L3",[19],
2798,FLOAT,RD/WR,V,"Maximum, Harmonic U L3",[20],
2800,FLOAT,RD/WR,V,"Maximum, Harmonic U L3",[21],
2802,FLOAT,RD/WR,V,"Maximum, Harmonic U L3",[22],
2804,FLOAT,RD/WR,V,"Maximum, Harmonic U L3",[23],
2806,FLOAT,RD/WR,V,"Maximum, Harmonic U L3",[24],
2808,FLOAT,RD/WR,V,"Maximum, Harmonic U L3",[25],
2810,FLOAT,RD/WR,V,"Maximum, Harmonic U L3",[26],
2812,FLOAT,RD/WR,V,"Maximum, Harmonic U L3",[27],
2814,FLOAT,RD/WR,V,"Maximum, Harmonic U L3",[28],
2816,FLOAT,RD/WR,V,"Maximum, Harmonic U L3",[29],
2818,FLOAT,RD/WR,V,"Maximum, Harmonic U L3",[30],
2820,FLOAT,RD/WR,V,"Maximum, Harmonic U L3",[31],
2822,FLOAT,RD/WR,V,"Maximum, Harmonic U L3",[32],
2824,FLOAT,RD/WR,V,"Maximum, Harmonic U L3",[33],
2826,FLOAT,RD/WR,V,"Maximum, Harmonic U L3",[34],
2828,FLOAT,RD/WR,V,"Maximum, Harmonic U L3",[35],
2830,FLOAT,RD/WR,V,"Maximum, Harmonic U L3",[36],
2832,FLOAT,RD/WR,V,"Maximum, Harmonic U L3",[37],
2834,FLOAT,RD/WR,V,"Maximum, Harmonic U L3",[38],
2836,FLOAT,RD/WR,V,"Maximum, Harmonic U L3",[39],
3118,FLOAT,RD/WR,A,"Maximum, Harmonic I L1",[0],
3120,FLOAT,RD/WR,A,"Maximum, Harmonic I L1",[1],
3122,FLOAT,RD/WR,A,"Maximum, Harmonic I L1",[2],
3124,FLOAT,RD/WR,A,"Maximum, Harmonic I L1",[3],
3126,FLOAT,RD/WR,A,"Maximum, Harmonic I L1",[4],
3128,FLOAT,RD/WR,A,"Maximum, Harmonic I L1",[5],
3130,FLOAT,RD/WR,A,"Maximum, Harmonic I L1",[6],
3132,FLOAT,RD/WR,A,"Maximum, Harmonic I L1",[7],
3134,FLOAT,RD/WR,A,"Maximum, Harmonic I L1",[8],
3136,FLOAT,RD/WR,A,"Maximum, Harmonic I L1",[9],
3138,FLOAT,RD/WR,A,"Maximum, Harmonic I L1",[10],
3140,FLOAT,RD/WR,A,"Maximum, Harmonic I L1",[11],
3142,FLOAT,RD/WR,A,"Maximum, Harmonic I L1",[12],
3144,FLOAT,RD/WR,A,"Maximum, Harmonic I L1",[13],
3146,FLOAT,RD/WR,A,"Maximum, Harmonic I L1",[14],
3148,FLOAT,RD/WR,A,"Maximum, Harmonic I L1",[15],
3150,FLOAT,RD/WR,A,"Maximum, Harmonic I L1",[16],
3152,FLOAT,RD/WR,A,"Maximum, Harmonic I L1",[17],
3154,FLOAT,RD/WR,A,"Maximum, Harmonic I L1",[18],
3156,FLOAT,RD/WR,A,"Maximum, Harmonic I L1",[19],
3158,FLOAT,RD/WR,A,"Maximum, Harmonic I L1",[20],
3160,FLOAT,RD/WR,A,"Maximum, Harmonic I L1",[21],
3162,FLOAT,RD/WR,A,"Maximum, Harmonic I L1",[22],
3164,FLOAT,RD/WR,A,"Maximum, Harmonic I L1",[23],
3166,FLOAT,RD/WR,A,"Maximum, Harmonic I L1",[24],
3168,FLOAT,RD/WR,A,"Maximum, Harmonic I L1",[25],
3170,FLOAT,RD/WR,A,"Maximum, Harmonic I L1",[26],
3172,FLOAT,RD/WR,A,"Maximum, Harmonic I L1",[27],
3174,FLOAT,RD/WR,A,"Maximum, Harmonic I L1",[28],
3176,FLOAT,RD/WR,A,"Maximum, Harmonic I L1",[29],
3178,FLOAT,RD/WR,A,"Maximum, Harmonic I L1",[30],
3180,FLOAT,RD/WR,A,"Maximum, Harmonic I L1",[31],
3182,FLOAT,RD/WR,A,"Maximum, Harmonic I L1",[32],
3184,FLOAT,RD/WR,A,"Maximum, Harmonic I L1",[33],
3186,FLOAT,RD/WR,A,"Maximum, Harmonic I L1",[34],
3188,FLOAT,RD/WR,A,"Maximum, Harmonic I L1",[35],
3190,FLOAT,RD/WR,A,"Maximum, Harmonic I L1",[36],
3192,FLOAT,RD/WR,A,"Maximum, Harmonic I L1",[37],
3194,FLOAT,RD/WR,A,"Maximum, Harmonic I L1",[38],
3196,FLOAT,RD/WR,A,"Maximum, Harmonic I L1",[39],
3198,FLOAT,RD/WR,A,"Maximum, Harmonic I L2",[0],
3200,FLOAT,RD/WR,A,"Maximum, Harmonic I L2",[1],
3202,FLOAT,RD/WR,A,"Maximum, Harmonic I L2",[2],
3204,FLOAT,RD/WR,A,"Maximum, Harmonic I L2",[3],
3206,FLOAT,RD/WR,A,"Maximum, Harmonic I L2",[4],
3208,FLOAT,RD/WR,A,"Maximum, Harmonic I L2",[5],
3210,FLOAT,RD/WR,A,"Maximum, Harmonic I L2",[6],
3212,FLOAT,RD/WR,A,"Maximum, Harmonic I L2",[7],
3214,FLOAT,RD/WR,A,"Maximum, Harmonic I L2",[8],
3216,FLOAT,RD/WR,A,"Maximum, Harmonic I L2",[9],
3218,FLOAT,RD/WR,A,"Maximum, Harmonic I L2",[10],
3220,FLOAT,RD/WR,A,"Maximum, Harmonic I L2",[11],
3222,FLOAT,RD/WR,A,"Maximum, Harmonic I L2",[12],
3224,FLOAT,RD/WR,A,"Maximum, Harmonic I L2",[13],
3226,FLOAT,RD/WR,A,"Maximum, Harmonic I L2",[14],
3228,FLOAT,RD/WR,A,"Maximum, Harmonic I L2",[15],
3230,FLOAT,RD/WR,A,"Maximum, Harmonic I L2",[16],
3232,FLOAT,RD/WR,A,"Maximum, Harmonic I L2",[17],
3234,FLOAT,RD/WR,A,"Maximum, Harmonic I L2",[18],
3236,FLOAT,RD/WR,A,"Maximum, Harmonic I L2",[19],
3238,FLOAT,RD/WR,A,"Maximum, Harmonic I L2",[20],
3240,FLOAT,RD/WR,A,"Maximum, Harmonic I L2",[21],
3242,FLOAT,RD/WR,A,"Maximum, Harmonic I L2",[22],
3244,FLOAT,RD/WR,A,"Maximum, Harmonic I L2",[23],
3246,FLOAT,RD/WR,A,"Maximum, Harmonic I L2",[24],
3248,FLOAT,RD/WR,A,"Maximum, Harmonic I L2",[25],
3250,FLOAT,RD/WR,A,"Maximum, Harmonic I L2",[26],
3252,FLOAT,RD/WR,A,"Maximum, Harmonic I L2",[27],
3254,FLOAT,RD/WR,A,"Maximum, Harmonic I L2",[28],
3256,FLOAT,RD/WR,A,"Maximum, Harmonic I L2",[29],
3258,FLOAT,RD/WR,A,"Maximum, Harmonic I L2",[30],
3260,FLOAT,RD/WR,A,"Maximum, Harmonic I L2",[31],
3262,FLOAT,RD/WR,A,"Maximum, Harmonic I L2",[32],
3264,FLOAT,RD/WR,A,"Maximum, Harmonic I L2",[33],
3266,FLOAT,RD/WR,A,"Maximum, Harmonic I L2",[34],
3268,FLOAT,RD/WR,A,"Maximum, Harmonic I L2",[35],
3270,FLOAT,RD/WR,A,"Maximum, Harmonic I L2",[36],
3272,FLOAT,RD/WR,A,"Maximum, Harmonic I L2",[37],
3274,FLOAT,RD/WR,A,"Maximum, Harmonic I L2",[38],
3276,FLOAT,RD/WR,A,"Maximum, Harmonic I L2",[39],
3278,FLOAT,RD/WR,A,"Maximum, Harmonic I L3",[0],
3280,FLOAT,RD/WR,A,"Maximum, Harmonic I L3",[1],
3282,FLOAT,RD/WR,A,"Maximum, Harmonic I L3",[2],
3284,FLOAT,RD/WR,A,"Maximum, Harmonic I L3",[3],
3286,FLOAT,RD/WR,A,"Maximum, Harmonic I L3",[4],
3288,FLOAT,RD/WR,A,"Maximum, Harmonic I L3",[5],
3290,FLOAT,RD/WR,A,"Maximum, Harmonic I L3",[6],
3292,FLOAT,RD/WR,A,"Maximum, Harmonic I L3",[7],
3294,FLOAT,RD/WR,A,"Maximum, Harmonic I L3",[8],
3296,FLOAT,RD/WR,A,"Maximum, Harmonic I L3",[9],
3298,FLOAT,RD/WR,A,"Maximum, Harmonic I L3",[10],
3300,FLOAT,RD/WR,A,"Maximum, Harmonic I L3",[11],
3302,FLOAT,RD/WR,A,"Maximum, Harmonic I L3",[12],
3304,FLOAT,RD/WR,A,"Maximum, Harmonic I L3",[13],
3306,FLOAT,RD/WR,A,"Maximum, Harmonic I L3",[14],
3308,FLOAT,RD/WR,A,"Maximum, Harmonic I L3",[15],
3310,FLOAT,RD/WR,A,"Maximum, Harmonic I L3",[16],
3312,FLOAT,RD/WR,A,"Maximum, Harmonic I L3",[17],
3314,FLOAT,RD/WR,A,"Maximum, Harmonic I L3",[18],
3316,FLOAT,RD/WR,A,"Maximum, Harmonic I L3",[19],
3318,FLOAT,RD/WR,A,"Maximum, Harmonic I L3",[20],
3320,FLOAT,RD/WR,A,"Maximum, Harmonic I L3",[21],
3322,FLOAT,RD/WR,A,"Maximum, Harmonic I L3",[22],
3324,FLOAT,RD/WR,A,"Maximum, Harmonic I L3",[23],
3326,FLOAT,RD/WR,A,"Maximum, Harmonic I L3",[24],
3328,FLOAT,RD/WR,A,"Maximum, Harmonic I L3",[25],
3330,FLOAT,RD/WR,A,"Maximum, Harmonic I L3",[26],
3332,FLOAT,RD/WR,A,"Maximum, Harmonic I L3",[27],
3334,FLOAT,RD/WR,A,"Maximum, Harmonic I L3",[28],
3336,FLOAT,RD/WR,A,"Maximum, Harmonic I L3",[29],
3338,FLOAT,RD/WR,A,"Maximum, Harmonic I L3",[30],
3340,FLOAT,RD/WR,A,"Maximum, Harmonic I L3",[31],
3342,FLOAT,RD/WR,A,"Maximum, Harmonic I L3",[32],
3344,FLOAT,RD/WR,A,"Maximum, Harmonic I L3",[33],
3346,FLOAT,RD/WR,A,"Maximum, Harmonic I L3",[34],
3348,FLOAT,RD/WR,A,"Maximum, Harmonic I L3",[35],
3350,FLOAT,RD/WR,A,"Maximum, Harmonic I L3",[36],
3352,FLOAT,RD/WR,A,"Maximum, Harmonic I L3",[37],
3354,FLOAT,RD/WR,A,"Maximum, Harmonic I L3",[38],
3356,FLOAT,RD/WR,A,"Maximum, Harmonic I L3",[39],
